Chrom.Pos	I	S	U
chr2.55288387	2	1	0
chr2.55288522	2	1	0
chr2.55289317	2	1	0
chr2.55289455	2	1	0
chr2.55290734	2	1	0
chr2.55298110	2	1	0
chr2.55318633	2	1	0
chr2.55319612	2	1	0
chr2.55319647	2	1	0
chr2.55319653	2	1	0
chr2.55323036	2	1	0
chr2.55327060	2	1	0
chr2.55327316	2	1	0
chr2.55355427	2	1	0
chr2.55365993	2	1	0
chr2.55372913	2	1	0
chr2.55377397	2	1	0
chr2.55417001	2	1	0
chr2.55417263	2	1	0
chr2.55417832	2	1	0
chr2.55418124	2	1	0
chr2.55418816	2	1	0
chr2.55420340	2	1	0
chr2.55421512	2	1	0
chr2.55423684	2	1	0
chr2.55423865	2	1	0
chr2.55424097	2	1	0
chr2.55424142	2	1	0
chr2.55424144	2	1	0
chr2.55424153	2	1	0
chr2.55424158	2	1	0
chr2.55424159	2	1	0
chr2.55424368	2	1	0
chr2.55425119	2	1	0
chr2.55425437	2	1	0
chr2.55425572	2	1	0
chr2.55425776	2	1	0
chr2.55443671	2	1	0
chr2.55444081	2	1	0
chr2.55444492	2	1	0
chr2.55517353	2	1	0
chr2.55517377	2	1	0
chr2.55517575	2	1	0
chr2.55517623	2	1	0
chr2.55518788	2	1	0
chr2.55524757	2	1	0
chr2.55524772	2	1	0
chr2.55527671	2	1	0
chr2.55532419	2	1	0
chr2.55532571	2	1	0
chr2.55532613	2	1	0
chr2.55532861	2	1	0
chr2.55532870	2	1	0
chr2.55552957	2	1	0
chr2.55552963	2	1	0
chr2.55552969	2	1	0
chr2.55555570	2	1	0
chr2.55557991	2	1	0
chr2.55558330	2	1	0
chr2.55558554	2	1	0
chr2.55558590	2	1	0
chr2.55566061	2	1	0
chr2.55567303	2	1	0
chr2.55568396	2	1	0
chr2.55570305	2	1	0
chr2.55570542	2	1	0
chr2.55570584	2	1	0
chr2.55571187	2	1	0
chr2.55571247	2	1	0
chr2.55571312	2	1	0
chr2.55571499	2	1	0
chr2.55571565	2	1	0
chr2.55571791	2	1	0
chr2.55572100	2	1	0
chr2.55572449	2	1	0
chr2.55572531	2	1	0
chr2.55572555	2	1	0
chr2.55572570	2	1	0
chr2.55572925	2	1	0
chr2.55603987	2	1	0
chr2.55603992	2	1	0
chr2.55606735	2	1	0
chr2.55606966	2	1	0
chr2.55607095	2	1	0
chr2.55609047	2	1	0
chr2.55609156	2	1	0
chr2.55609185	2	1	0
chr2.55609752	2	1	0
chr2.55610110	2	1	0
chr2.55611940	2	1	0
chr2.55613646	2	1	0
chr2.55615100	2	1	0
chr2.55615616	2	1	0
chr2.55616006	2	1	0
chr2.55616871	2	1	0
chr2.55618982	2	1	0
chr2.55620542	2	1	0
chr2.55622746	2	1	0
chr2.55625153	2	1	0
chr2.55635528	2	1	0
chr2.55635529	2	1	0
chr2.55635952	2	1	0
chr2.55649342	2	1	0
chr2.55698102	2	1	0
chr2.55736278	2	1	0
chr2.55736506	2	1	0
chr2.55744948	2	1	0
chr2.55747622	2	1	0
chr2.55747865	2	1	0
chr2.55750396	2	1	0
chr2.55750399	2	1	0
chr2.55763037	2	1	0
chr2.55787915	2	1	0
chr2.55788067	2	1	0
chr2.55788328	2	1	0
chr2.55791554	2	1	0
chr2.55792001	2	1	0
chr2.55792472	2	1	0
chr2.55794557	2	1	0
chr2.55798400	2	1	0
chr2.55799667	2	1	0
chr2.55929040	2	1	0
chr2.55948567	2	1	0
chr2.55962380	2	1	0
chr2.56052921	2	1	0
chr2.56053308	2	1	0
chr2.56054041	2	1	0
chr2.56054068	2	1	0
chr2.56054094	2	1	0
chr2.56058811	2	1	0
chr2.56059664	2	1	0
chr2.56060434	2	1	0
chr2.56060444	2	1	0
chr2.56062125	2	1	0
chr2.56063158	2	1	0
chr2.56063160	2	1	0
chr2.56091425	2	1	0
chr2.56093173	2	1	0
chr2.56166705	2	1	0
chr2.56166708	2	1	0
chr2.56166810	2	1	0
chr2.56166830	2	1	0
chr2.56167383	2	1	0
chr2.56167599	2	1	0
chr2.56167626	2	1	0
chr2.56167656	2	1	0
chr2.56220049	2	1	0
chr2.56241533	2	1	0
chr2.56256380	2	1	0
chr2.56267001	2	1	0
chr2.56267079	2	1	0
chr2.56267100	2	1	0
chr2.56273118	2	1	0
chr2.56278724	2	1	0
chr2.56278753	2	1	0
chr2.56339913	2	1	0
chr2.56345716	2	1	0
chr2.56462014	2	1	0
chr2.56462626	2	1	0
chr2.56462635	2	1	0
chr2.56498776	2	1	0
chr2.56498902	2	1	0
chr2.56514119	2	1	0
chr2.56514179	2	1	0
chr2.56514614	2	1	0
chr2.56514647	2	1	0
chr2.56522313	2	1	0
chr2.56522608	2	1	0
chr2.56551952	2	1	0
chr2.56552030	2	1	0
chr2.56556038	2	1	0
chr2.56561450	2	1	0
chr2.56561453	2	1	0
chr2.56561657	2	1	0
chr2.56563513	2	1	0
chr2.56568282	2	1	0
chr2.56569254	2	1	0
chr2.56569257	2	1	0
chr2.56570311	2	1	0
chr2.56570866	2	1	0
chr2.56571326	2	1	0
chr2.56571769	2	1	0
chr2.56571874	2	1	0
chr2.56572756	2	1	0
chr2.56572783	2	1	0
chr2.56572819	2	1	0
chr2.56573257	2	1	0
chr2.56573382	2	1	0
chr2.56573460	2	1	0
chr2.56573518	2	1	0
chr2.56573545	2	1	0
chr2.56573632	2	1	0
chr2.56573695	2	1	0
chr2.56573762	2	1	0
chr2.56574760	2	1	0
chr2.56577163	2	1	0
chr2.56593025	2	1	0
chr2.56593067	2	1	0
chr2.56601913	2	1	0
chr2.56602036	2	1	0
chr2.56602318	2	1	0
chr2.56602360	2	1	0
chr2.56602369	2	1	0
chr2.56602403	2	1	0
chr2.56602426	2	1	0
chr2.56602444	2	1	0
chr2.56602631	2	1	0
chr2.56606651	2	1	0
chr2.56608064	2	1	0
chr2.56617515	2	1	0
chr2.56617516	2	1	0
chr2.56618762	2	1	0
chr2.56619692	2	1	0
chr2.56620517	2	1	0
chr2.56621025	2	1	0
chr2.56621597	2	1	0
chr2.56621908	2	1	0
chr2.56621986	2	1	0
chr2.56622116	2	1	0
chr2.56622368	2	1	0
chr2.56622545	2	1	0
chr2.56622576	2	1	0
chr2.56622579	2	1	0
chr2.56626101	2	1	0
chr2.56626224	2	1	0
chr2.56626644	2	1	0
chr2.56626647	2	1	0
chr2.56630384	2	1	0
chr2.56630408	2	1	0
chr2.56630984	2	1	0
chr2.56631023	2	1	0
chr2.56631065	2	1	0
chr2.56631399	2	1	0
chr2.56773440	2	1	0
chr2.56773518	2	1	0
chr2.56773590	2	1	0
chr2.56773617	2	1	0
chr2.56774632	2	1	0
chr2.56774655	2	1	0
chr2.56776052	2	1	0
chr2.56776771	2	1	0
chr2.56776959	2	1	0
chr2.56780969	2	1	0
chr2.56788358	2	1	0
chr2.56814500	2	1	0
chr2.56826898	2	1	0
chr2.56826956	2	1	0
chr2.56827826	2	1	0
chr2.56831716	2	1	0
chr2.56834307	2	1	0
chr2.56834658	2	1	0
chr2.56835600	2	1	0
chr2.56835627	2	1	0
chr2.56835702	2	1	0
chr2.56835708	2	1	0
chr2.56835735	2	1	0
chr2.56836569	2	1	0
chr2.56837601	2	1	0
chr2.56837706	2	1	0
chr2.56838396	2	1	0
chr2.56838575	2	1	0
chr2.56838607	2	1	0
chr2.56853753	2	1	0
chr2.57019037	2	1	0
chr2.57019699	2	1	0
chr2.57022068	2	1	0
chr2.57023104	2	1	0
chr2.57031570	2	1	0
chr2.57031631	2	1	0
chr2.57031741	2	1	0
chr2.57032981	2	1	0
chr2.57038391	2	1	0
chr2.57038959	2	1	0
chr2.57039217	2	1	0
chr2.57154438	2	1	0
chr2.57155652	2	1	0
chr2.57155718	2	1	0
chr2.57155858	2	1	0
chr2.57156917	2	1	0
chr2.57157988	2	1	0
chr2.57161849	2	1	0
chr2.57161858	2	1	0
chr2.57171704	2	1	0
chr2.57172191	2	1	0
chr2.57172194	2	1	0
chr2.57173303	2	1	0
chr2.57173419	2	1	0
chr2.57173576	2	1	0
chr2.57246638	2	1	0
chr2.57247318	2	1	0
chr2.57247330	2	1	0
chr2.57252138	2	1	0
chr2.57253127	2	1	0
chr2.57253424	2	1	0
chr2.57253439	2	1	0
chr2.57253683	2	1	0
chr2.57253725	2	1	0
chr2.57259396	2	1	0
chr2.57303128	2	1	0
chr2.57306924	2	1	0
chr2.57307336	2	1	0
chr2.57307537	2	1	0
chr2.57307567	2	1	0
chr2.57307570	2	1	0
chr2.57307765	2	1	0
chr2.57314221	2	1	0
chr2.57314389	2	1	0
chr2.57314395	2	1	0
chr2.57314416	2	1	0
chr2.57317162	2	1	0
chr2.57319877	2	1	0
chr2.57320633	2	1	0
chr2.57324641	2	1	0
chr2.57324698	2	1	0
chr2.57325470	2	1	0
chr2.57326670	2	1	0
chr2.57326876	2	1	0
chr2.57326990	2	1	0
chr2.57330605	2	1	0
chr2.57330607	2	1	0
chr2.57333143	2	1	0
chr2.57333154	2	1	0
chr2.57333185	2	1	0
chr2.57333229	2	1	0
chr2.57334551	2	1	0
chr2.57335749	2	1	0
chr2.57344171	2	1	0
chr2.57344183	2	1	0
chr2.57344189	2	1	0
chr2.57344435	2	1	0
chr2.57354969	2	1	0
chr2.57356494	2	1	0
chr2.57357339	2	1	0
chr2.57357354	2	1	0
chr2.57357541	2	1	0
chr2.57357696	2	1	0
chr2.57357857	2	1	0
chr2.57418630	2	1	0
chr2.57418692	2	1	0
chr2.57419108	2	1	0
chr2.57488323	2	1	0
chr2.57490195	2	1	0
chr2.57490249	2	1	0
chr2.57490255	2	1	0
chr2.57490288	2	1	0
chr2.57490501	2	1	0
chr2.57490525	2	1	0
chr2.57490543	2	1	0
chr2.57490687	2	1	0
chr2.57511991	2	1	0
chr2.57512292	2	1	0
chr2.57512293	2	1	0
chr2.57512813	2	1	0
chr2.57512908	2	1	0
chr2.57512910	2	1	0
chr2.57512977	2	1	0
chr2.57514685	2	1	0
chr2.57514709	2	1	0
chr2.57514720	2	1	0
chr2.57514781	2	1	0
chr2.57514802	2	1	0
chr2.57514893	2	1	0
chr2.57527584	2	1	0
chr2.57528507	2	1	0
chr2.57532501	2	1	0
chr2.57532726	2	1	0
chr2.57563034	2	1	0
chr2.57563063	2	1	0
chr2.57565191	2	1	0
chr2.57578825	2	1	0
chr2.57578829	2	1	0
chr2.57588520	2	1	0
chr2.57588583	2	1	0
chr2.57588949	2	1	0
chr2.57589081	2	1	0
chr2.57589671	2	1	0
chr2.57589744	2	1	0
chr2.57589760	2	1	0
chr2.57590122	2	1	0
chr2.57590351	2	1	0
chr2.57590359	2	1	0
chr2.57590453	2	1	0
chr2.57590454	2	1	0
chr2.57590459	2	1	0
chr2.57590607	2	1	0
chr2.57591983	2	1	0
chr2.57592294	2	1	0
chr2.57594340	2	1	0
chr2.57594973	2	1	0
chr2.57594988	2	1	0
chr2.57601010	2	1	0
chr2.57601021	2	1	0
chr2.57601089	2	1	0
chr2.57601100	2	1	0
chr2.57601954	2	1	0
chr2.57602483	2	1	0
chr2.57602566	2	1	0
chr2.57602599	2	1	0
chr2.57603088	2	1	0
chr2.57603089	2	1	0
chr2.57603172	2	1	0
chr2.57603180	2	1	0
chr2.57603186	2	1	0
chr2.57619238	2	1	0
chr2.57619285	2	1	0
chr2.57699331	2	1	0
chr2.57699454	2	1	0
chr2.57699475	2	1	0
chr2.57699901	2	1	0
chr2.57700903	2	1	0
chr2.57704638	2	1	0
chr2.57704643	2	1	0
chr2.57810418	2	1	0
chr2.57810476	2	1	0
chr2.57810743	2	1	0
chr2.57810910	2	1	0
chr2.57811842	2	1	0
chr2.57812340	2	1	0
chr2.57812679	2	1	0
chr2.57812697	2	1	0
chr2.58027243	2	1	0
chr2.58027828	2	1	0
chr2.58029066	2	1	0
chr2.58029099	2	1	0
chr2.58029522	2	1	0
chr2.58433348	2	1	0
chr2.58451810	2	1	0
chr2.58452039	2	1	0
chr2.58452041	2	1	0
chr2.58453019	2	1	0
chr2.58461712	2	1	0
chr2.58468154	2	1	0
chr2.58473437	2	1	0
chr2.58474952	2	1	0
chr2.58475268	2	1	0
chr2.58475727	2	1	0
chr2.58481422	2	1	0
chr2.58485395	2	1	0
chr2.58485863	2	1	0
chr2.58486415	2	1	0
chr2.58490553	2	1	0
chr2.58492533	2	1	0
chr2.58492551	2	1	0
chr2.58494000	2	1	0
chr2.58494137	2	1	0
chr2.58494216	2	1	0
chr2.58494225	2	1	0
chr2.58498663	2	1	0
chr2.58498756	2	1	0
chr2.58498786	2	1	0
chr2.58499383	2	1	0
chr2.58499387	2	1	0
chr2.58600890	2	1	0
chr2.58603217	2	1	0
chr2.58603238	2	1	0
chr2.58603279	2	1	0
chr2.58605573	2	1	0
chr2.58606216	2	1	0
chr2.58606788	2	1	0
chr2.58607851	2	1	0
chr2.58607941	2	1	0
chr2.58607964	2	1	0
chr2.58608364	2	1	0
chr2.58608566	2	1	0
chr2.58609577	2	1	0
chr2.58609578	2	1	0
chr2.58611605	2	1	0
chr2.58611707	2	1	0
chr2.58611845	2	1	0
chr2.58618546	2	1	0
chr2.58624082	2	1	0
chr2.58624979	2	1	0
chr2.58625354	2	1	0
chr2.58694824	2	1	0
chr2.58702383	2	1	0
chr2.58717415	2	1	0
chr2.58721165	2	1	0
chr2.58721180	2	1	0
chr2.58721198	2	1	0
chr2.58721460	2	1	0
chr2.58721553	2	1	0
chr2.58721622	2	1	0
chr2.58721892	2	1	0
chr2.58722707	2	1	0
chr2.58722969	2	1	0
chr2.58722987	2	1	0
chr2.58737492	2	1	0
chr2.58738535	2	1	0
chr2.58738577	2	1	0
chr2.58738715	2	1	0
chr2.58739167	2	1	0
chr2.58739580	2	1	0
chr2.58739633	2	1	0
chr2.58739651	2	1	0
chr2.58739654	2	1	0
chr2.58774795	2	1	0
chr2.58775254	2	1	0
chr2.58775332	2	1	0
chr2.58775582	2	1	0
chr2.58777507	2	1	0
chr2.58820855	2	1	0
chr2.58825963	2	1	0
chr2.58827555	2	1	0
chr2.58877078	2	1	0
chr2.58953585	2	1	0
chr2.59000391	2	1	0
chr2.59000484	2	1	0
chr2.59000507	2	1	0
chr2.59000518	2	1	0
chr2.59000537	2	1	0
chr2.59002520	2	1	0
chr2.59031079	2	1	0
chr2.59031081	2	1	0
chr2.59031082	2	1	0
chr2.59031086	2	1	0
chr2.59031087	2	1	0
chr2.59038543	2	1	0
chr2.59038717	2	1	0
chr2.59049374	2	1	0
chr2.59049392	2	1	0
chr2.59049547	2	1	0
chr2.59049550	2	1	0
chr2.59056629	2	1	0
chr2.59056673	2	1	0
chr2.59068209	2	1	0
chr2.59068539	2	1	0
chr2.59068755	2	1	0
chr2.59097735	2	1	0
chr2.59098068	2	1	0
chr2.59134358	2	1	0
chr2.59138414	2	1	0
chr2.59143601	2	1	0
chr2.59234621	2	1	0
chr2.59234734	2	1	0
chr2.59234976	2	1	0
chr2.59235148	2	1	0
chr2.59236817	2	1	0
chr2.59240058	2	1	0
chr2.59241692	2	1	0
chr2.59248368	2	1	0
chr2.59248401	2	1	0
chr2.59420216	2	1	0
chr2.59421000	2	1	0
chr2.59464612	2	1	0
chr2.59469655	2	1	0
chr2.59475310	2	1	0
chr2.59475318	2	1	0
chr2.59475490	2	1	0
chr2.59492105	2	1	0
chr2.59492636	2	1	0
chr2.59492755	2	1	0
chr2.59493004	2	1	0
chr2.59495202	2	1	0
chr2.59495325	2	1	0
chr2.59495987	2	1	0
chr2.59496545	2	1	0
chr2.59512001	2	1	0
chr2.59515367	2	1	0
chr2.59515891	2	1	0
chr2.59518688	2	1	0
chr2.59520241	2	1	0
chr2.59521359	2	1	0
chr2.59600563	2	1	0
chr2.59601174	2	1	0
chr2.59693134	2	1	0
chr2.59693146	2	1	0
chr2.59705961	2	1	0
chr2.59706382	2	1	0
chr2.59728541	2	1	0
chr2.59728663	2	1	0
chr2.59733212	2	1	0
chr2.59783842	2	1	0
chr2.59785366	2	1	0
chr2.60156088	2	1	0
chr2.60156109	2	1	0
chr2.60156637	2	1	0
chr2.60157150	2	1	0
chr2.60157177	2	1	0
chr2.60157338	2	1	0
chr2.60157366	2	1	0
chr2.60157413	2	1	0
chr2.60157443	2	1	0
chr2.60157450	2	1	0
chr2.60157498	2	1	0
chr2.60157757	2	1	0
chr2.60158110	2	1	0
chr2.60158118	2	1	0
chr2.60158144	2	1	0
chr2.60158184	2	1	0
chr2.60158333	2	1	0
chr2.60159121	2	1	0
chr2.60159198	2	1	0
chr2.60159317	2	1	0
chr2.60161615	2	1	0
chr2.60161628	2	1	0
chr2.60161673	2	1	0
chr2.60161811	2	1	0
chr2.60162004	2	1	0
chr2.60162096	2	1	0
chr2.60162132	2	1	0
chr2.60162137	2	1	0
chr2.60163038	2	1	0
chr2.60166383	2	1	0
chr2.60187227	2	1	0
chr2.60187651	2	1	0
chr2.60187916	2	1	0
chr2.60188551	2	1	0
chr2.60188652	2	1	0
chr2.60217637	2	1	0
chr2.60217745	2	1	0
chr2.60223001	2	1	0
chr2.60223121	2	1	0
chr2.60223130	2	1	0
chr2.60225679	2	1	0
chr2.60225779	2	1	0
chr2.60228012	2	1	0
chr2.60228149	2	1	0
chr2.60228166	2	1	0
chr2.60231976	2	1	0
chr2.60260796	2	1	0
chr2.60260802	2	1	0
chr2.60261684	2	1	0
chr2.60674901	2	1	0
chr2.60675288	2	1	0
chr2.60760846	2	1	0
chr2.60760890	2	1	0
chr2.60859796	2	1	0
chr2.60859799	2	1	0
chr2.60884150	2	1	0
chr2.60889868	2	1	0
chr2.60891235	2	1	0
chr2.60913404	2	1	0
chr2.60913545	2	1	0
chr2.60916175	2	1	0
chr2.60974855	2	1	0
chr2.60976641	2	1	0
chr2.60977235	2	1	0
chr2.61039983	2	1	0
chr2.61054483	2	1	0
chr2.61082679	2	1	0
chr2.61096977	2	1	0
chr2.61097607	2	1	0
chr2.61098054	2	1	0
chr2.61102819	2	1	0
chr2.61102922	2	1	0
chr2.61102961	2	1	0
chr2.61103144	2	1	0
chr2.61103165	2	1	0
chr2.61103327	2	1	0
chr2.61113288	2	1	0
chr2.61113366	2	1	0
chr2.61115179	2	1	0
chr2.61116119	2	1	0
chr2.61116166	2	1	0
chr2.61116187	2	1	0
chr2.61119085	2	1	0
chr2.61119181	2	1	0
chr2.61141977	2	1	0
chr2.61143555	2	1	0
chr2.61173142	2	1	0
chr2.61173512	2	1	0
chr2.61173560	2	1	0
chr2.61174131	2	1	0
chr2.61187087	2	1	0
chr2.61187098	2	1	0
chr2.61191386	2	1	0
chr2.61191406	2	1	0
chr2.61191412	2	1	0
chr2.61192193	2	1	0
chr2.61193078	2	1	0
chr2.61197129	2	1	0
chr2.61197273	2	1	0
chr2.61246445	2	1	0
chr2.61246517	2	1	0
chr2.61247775	2	1	0
chr2.61248012	2	1	0
chr2.61248063	2	1	0
chr2.61248113	2	1	0
chr2.61248261	2	1	0
chr2.61252167	2	1	0
chr2.61252209	2	1	0
chr2.61262418	2	1	0
chr2.61263281	2	1	0
chr2.61263795	2	1	0
chr2.61267299	2	1	0
chr2.61267428	2	1	0
chr2.61269920	2	1	0
chr2.61270355	2	1	0
chr2.61270610	2	1	0
chr2.61271423	2	1	0
chr2.61271576	2	1	0
chr2.61272667	2	1	0
chr2.61273194	2	1	0
chr2.61273571	2	1	0
chr2.61273582	2	1	0
chr2.61273605	2	1	0
chr2.61273644	2	1	0
chr2.61273662	2	1	0
chr2.61273668	2	1	0
chr2.61274355	2	1	0
chr2.61276030	2	1	0
chr2.61276066	2	1	0
chr2.61276072	2	1	0
chr2.61276284	2	1	0
chr2.61297214	2	1	0
chr2.61297791	2	1	0
chr2.61298222	2	1	0
chr2.61299066	2	1	0
chr2.61299108	2	1	0
chr2.61313638	2	1	0
chr2.61314843	2	1	0
chr2.61314857	2	1	0
chr2.61315364	2	1	0
chr2.61315367	2	1	0
chr2.61315431	2	1	0
chr2.61319558	2	1	0
chr2.61319587	2	1	0
chr2.61319611	2	1	0
chr2.61319612	2	1	0
chr2.61320402	2	1	0
chr2.61320405	2	1	0
chr2.61320408	2	1	0
chr2.61320411	2	1	0
chr2.61341658	2	1	0
chr2.61347993	2	1	0
chr2.61349580	2	1	0
chr2.61349662	2	1	0
chr2.61349808	2	1	0
chr2.61351531	2	1	0
chr2.61359255	2	1	0
chr2.61360280	2	1	0
chr2.61360395	2	1	0
chr2.61361964	2	1	0
chr2.61362740	2	1	0
chr2.61362798	2	1	0
chr2.61366211	2	1	0
chr2.61367133	2	1	0
chr2.61415977	2	1	0
chr2.61420275	2	1	0
chr2.61421402	2	1	0
chr2.61446708	2	1	0
chr2.61446717	2	1	0
chr2.61601226	2	1	0
chr2.61601466	2	1	0
chr2.61601583	2	1	0
chr2.61602492	2	1	0
chr2.61602558	2	1	0
chr2.61603175	2	1	0
chr2.61619431	2	1	0
chr2.61620655	2	1	0
chr2.61620754	2	1	0
chr2.61620786	2	1	0
chr2.61620805	2	1	0
chr2.61621068	2	1	0
chr2.61621175	2	1	0
chr2.61637248	2	1	0
chr2.61637251	2	1	0
chr2.61637642	2	1	0
chr2.61639345	2	1	0
chr2.61639462	2	1	0
chr2.61639609	2	1	0
chr2.61697127	2	1	0
chr2.61700571	2	1	0
chr2.61957666	2	1	0
chr2.61957745	2	1	0
chr2.61957989	2	1	0
chr2.61957996	2	1	0
chr2.61958009	2	1	0
chr2.61958212	2	1	0
chr2.61958257	2	1	0
chr2.61958495	2	1	0
chr2.61958702	2	1	0
chr2.61958704	2	1	0
chr2.61958732	2	1	0
chr2.61959492	2	1	0
chr2.61959588	2	1	0
chr2.61968667	2	1	0
chr2.61969218	2	1	0
chr2.61969219	2	1	0
chr2.61969278	2	1	0
chr2.61969344	2	1	0
chr2.61969557	2	1	0
chr2.61969593	2	1	0
chr2.61973677	2	1	0
chr2.61973822	2	1	0
chr2.61973878	2	1	0
chr2.61974536	2	1	0
chr2.61974914	2	1	0
chr2.61974923	2	1	0
chr2.62031180	2	1	0
chr2.62042503	2	1	0
chr2.62043462	2	1	0
chr2.62049173	2	1	0
chr2.62049195	2	1	0
chr2.62049415	2	1	0
chr2.62051409	2	1	0
chr2.62053120	2	1	0
chr2.62058749	2	1	0
chr2.62058762	2	1	0
chr2.62064699	2	1	0
chr2.62064759	2	1	0
chr2.62064976	2	1	0
chr2.62065653	2	1	0
chr2.62065841	2	1	0
chr2.62077069	2	1	0
chr2.62089110	2	1	0
chr2.62096080	2	1	0
chr2.62098558	2	1	0
chr2.62099523	2	1	0
chr2.62103022	2	1	0
chr2.62103054	2	1	0
chr2.62103213	2	1	0
chr2.62105496	2	1	0
chr2.62105628	2	1	0
chr2.62105727	2	1	0
chr2.62107242	2	1	0
chr2.62109570	2	1	0
chr2.62109862	2	1	0
chr2.62109918	2	1	0
chr2.62121211	2	1	0
chr2.62123562	2	1	0
chr2.62123571	2	1	0
chr2.62128168	2	1	0
chr2.62128177	2	1	0
chr2.62128225	2	1	0
chr2.62128324	2	1	0
chr2.62134747	2	1	0
chr2.62134828	2	1	0
chr2.62135379	2	1	0
chr2.62138160	2	1	0
chr2.62138385	2	1	0
chr2.62145806	2	1	0
chr2.62162208	2	1	0
chr2.62162218	2	1	0
chr2.62162435	2	1	0
chr2.62162469	2	1	0
chr2.62165648	2	1	0
chr2.62166152	2	1	0
chr2.62166158	2	1	0
chr2.62166182	2	1	0
chr2.62166572	2	1	0
chr2.62200562	2	1	0
chr2.62201157	2	1	0
chr2.62203421	2	1	0
chr2.62203585	2	1	0
chr2.62204167	2	1	0
chr2.62206097	2	1	0
chr2.62206361	2	1	0
chr2.62206368	2	1	0
chr2.62211567	2	1	0
chr2.62211666	2	1	0
chr2.62237446	2	1	0
chr2.62237452	2	1	0
chr2.62242637	2	1	0
chr2.62248431	2	1	0
chr2.62248497	2	1	0
chr2.62249040	2	1	0
chr2.62249082	2	1	0
chr2.62249988	2	1	0
chr2.62250099	2	1	0
chr2.62250711	2	1	0
chr2.62250742	2	1	0
chr2.62250816	2	1	0
chr2.62256646	2	1	0
chr2.62262128	2	1	0
chr2.62262173	2	1	0
chr2.62295628	2	1	0
chr2.62296988	2	1	0
chr2.62301256	2	1	0
chr2.62301606	2	1	0
chr2.62306931	2	1	0
chr2.62387898	2	1	0
chr2.62391054	2	1	0
chr2.62415409	2	1	0
chr2.62589810	2	1	0
chr2.62589917	2	1	0
chr2.62589921	2	1	0
chr2.62750891	2	1	0
chr2.62761795	2	1	0
chr2.62762610	2	1	0
chr2.62771533	2	1	0
chr2.62778385	2	1	0
chr2.62778395	2	1	0
chr2.62785278	2	1	0
chr2.62785279	2	1	0
chr2.62785280	2	1	0
chr2.62785305	2	1	0
chr2.62785824	2	1	0
chr2.62785868	2	1	0
chr2.62785886	2	1	0
chr2.62785955	2	1	0
chr2.62786426	2	1	0
chr2.62786468	2	1	0
chr2.62787090	2	1	0
chr2.62787091	2	1	0
chr2.62828428	2	1	0
chr2.62828591	2	1	0
chr2.62829776	2	1	0
chr2.62829813	2	1	0
chr2.62851048	2	1	0
chr2.62851165	2	1	0
chr2.62879994	2	1	0
chr2.62892259	2	1	0
chr2.62892697	2	1	0
chr2.62892835	2	1	0
chr2.62892836	2	1	0
chr2.62893280	2	1	0
chr2.62893396	2	1	0
chr2.62893399	2	1	0
chr2.62893417	2	1	0
chr2.62893432	2	1	0
chr2.62893674	2	1	0
chr2.62893688	2	1	0
chr2.62893694	2	1	0
chr2.62895672	2	1	0
chr2.62896951	2	1	0
chr2.62897020	2	1	0
chr2.62897025	2	1	0
chr2.62897756	2	1	0
chr2.62898407	2	1	0
chr2.62898602	2	1	0
chr2.62900322	2	1	0
chr2.62900520	2	1	0
chr2.62906034	2	1	0
chr2.62907428	2	1	0
chr2.62907641	2	1	0
chr2.62907812	2	1	0
chr2.62913070	2	1	0
chr2.62922558	2	1	0
chr2.62936000	2	1	0
chr2.62936048	2	1	0
chr2.62976430	2	1	0
chr2.63033985	2	1	0
chr2.63040606	2	1	0
chr2.63054173	2	1	0
chr2.63054185	2	1	0
chr2.63056415	2	1	0
chr2.63058151	2	1	0
chr2.63058832	2	1	0
chr2.63059847	2	1	0
chr2.63061391	2	1	0
chr2.63068496	2	1	0
chr2.63143618	2	1	0
chr2.63152454	2	1	0
chr2.63152455	2	1	0
chr2.63153624	2	1	0
chr2.63153627	2	1	0
chr2.63154657	2	1	0
chr2.63159765	2	1	0
chr2.63159852	2	1	0
chr2.63160615	2	1	0
chr2.63177253	2	1	0
chr2.63178430	2	1	0
chr2.63180537	2	1	0
chr2.63180804	2	1	0
chr2.63180873	2	1	0
chr2.63180888	2	1	0
chr2.63181135	2	1	0
chr2.63183850	2	1	0
chr2.63183966	2	1	0
chr2.63184070	2	1	0
chr2.63184120	2	1	0
chr2.63184204	2	1	0
chr2.63184317	2	1	0
chr2.63184458	2	1	0
chr2.63184469	2	1	0
chr2.63184573	2	1	0
chr2.63185437	2	1	0
chr2.63186531	2	1	0
chr2.63186536	2	1	0
chr2.63186845	2	1	0
chr2.63186853	2	1	0
chr2.63189045	2	1	0
chr2.63190450	2	1	0
chr2.63199193	2	1	0
chr2.63199296	2	1	0
chr2.63225484	2	1	0
chr2.63226735	2	1	0
chr2.63267881	2	1	0
chr2.63272719	2	1	0
chr2.63278283	2	1	0
chr2.63369163	2	1	0
chr2.63369904	2	1	0
chr2.63369919	2	1	0
chr2.63432253	2	1	0
chr2.63433715	2	1	0
chr2.63433868	2	1	0
chr2.63436627	2	1	0
chr2.63507840	2	1	0
chr2.63509346	2	1	0
chr2.63509803	2	1	0
chr2.63514295	2	1	0
chr2.63523770	2	1	0
chr2.63525086	2	1	0
chr2.63536076	2	1	0
chr2.63536127	2	1	0
chr2.63536244	2	1	0
chr2.63537630	2	1	0
chr2.63537825	2	1	0
chr2.63537965	2	1	0
chr2.63537981	2	1	0
chr2.63539134	2	1	0
chr2.63541361	2	1	0
chr2.63541370	2	1	0
chr2.63541980	2	1	0
chr2.63542193	2	1	0
chr2.63542284	2	1	0
chr2.63542416	2	1	0
chr2.63542536	2	1	0
chr2.63544794	2	1	0
chr2.63572099	2	1	0
chr2.63572461	2	1	0
chr2.63572494	2	1	0
chr2.63574264	2	1	0
chr2.63586486	2	1	0
chr2.63586487	2	1	0
chr2.63586495	2	1	0
chr2.63586513	2	1	0
chr2.63614870	2	1	0
chr2.63642967	2	1	0
chr2.63642970	2	1	0
chr2.63643151	2	1	0
chr2.63643837	2	1	0
chr2.63643913	2	1	0
chr2.63643919	2	1	0
chr2.63644040	2	1	0
chr2.63645899	2	1	0
chr2.63645925	2	1	0
chr2.63645931	2	1	0
chr2.63646806	2	1	0
chr2.63646815	2	1	0
chr2.63647014	2	1	0
chr2.63647053	2	1	0
chr2.63647109	2	1	0
chr2.63647241	2	1	0
chr2.63647366	2	1	0
chr2.63647552	2	1	0
chr2.63654797	2	1	0
chr2.63654952	2	1	0
chr2.63655075	2	1	0
chr2.63658844	2	1	0
chr2.63662589	2	1	0
chr2.63662784	2	1	0
chr2.63663938	2	1	0
chr2.63664004	2	1	0
chr2.63665444	2	1	0
chr2.63667376	2	1	0
chr2.63667381	2	1	0
chr2.63667481	2	1	0
chr2.63680363	2	1	0
chr2.63697477	2	1	0
chr2.63857647	2	1	0
chr2.63857731	2	1	0
chr2.63857776	2	1	0
chr2.63858383	2	1	0
chr2.63858389	2	1	0
chr2.63858503	2	1	0
chr2.63858686	2	1	0
chr2.63858849	2	1	0
chr2.63882996	2	1	0
chr2.63888025	2	1	0
chr2.63888181	2	1	0
chr2.63888271	2	1	0
chr2.63888415	2	1	0
chr2.63888895	2	1	0
chr2.63938795	2	1	0
chr2.63939199	2	1	0
chr2.63940902	2	1	0
chr2.63941259	2	1	0
chr2.63941463	2	1	0
chr2.63941582	2	1	0
chr2.63946596	2	1	0
chr2.63946644	2	1	0
chr2.63981229	2	1	0
chr2.63981235	2	1	0
chr2.63982741	2	1	0
chr2.63982778	2	1	0
chr2.63982819	2	1	0
chr2.63983014	2	1	0
chr2.63983170	2	1	0
chr2.63983218	2	1	0
chr2.63984739	2	1	0
chr2.63987194	2	1	0
chr2.63987407	2	1	0
chr2.63987570	2	1	0
chr2.63992749	2	1	0
chr2.64076059	2	1	0
chr2.64081267	2	1	0
chr2.64081318	2	1	0
chr2.64084168	2	1	0
chr2.64084391	2	1	0
chr2.64113457	2	1	0
chr2.64113463	2	1	0
chr2.64113469	2	1	0
chr2.64116863	2	1	0
chr2.64120477	2	1	0
chr2.64121031	2	1	0
chr2.64121049	2	1	0
chr2.64121094	2	1	0
chr2.64121262	2	1	0
chr2.64121271	2	1	0
chr2.64121490	2	1	0
chr2.64121766	2	1	0
chr2.64121769	2	1	0
chr2.64122902	2	1	0
chr2.64122923	2	1	0
chr2.64123700	2	1	0
chr2.64123712	2	1	0
chr2.64124199	2	1	0
chr2.64130711	2	1	0
chr2.64130812	2	1	0
chr2.64131731	2	1	0
chr2.64133252	2	1	0
chr2.64135301	2	1	0
chr2.64136068	2	1	0
chr2.64136308	2	1	0
chr2.64136341	2	1	0
chr2.64151355	2	1	0
chr2.64151602	2	1	0
chr2.64157081	2	1	0
chr2.64157109	2	1	0
chr2.64157124	2	1	0
chr2.64157598	2	1	0
chr2.64157631	2	1	0
chr2.64159630	2	1	0
chr2.64159634	2	1	0
chr2.64159648	2	1	0
chr2.64159650	2	1	0
chr2.64159869	2	1	0
chr2.64159953	2	1	0
chr2.64159992	2	1	0
chr2.64160234	2	1	0
chr2.64160246	2	1	0
chr2.64166832	2	1	0
chr2.64167267	2	1	0
chr2.64168377	2	1	0
chr2.64168716	2	1	0
chr2.64170836	2	1	0
chr2.64171016	2	1	0
chr2.64171124	2	1	0
chr2.64171133	2	1	0
chr2.64171337	2	1	0
chr2.64171373	2	1	0
chr2.64177207	2	1	0
chr2.64178716	2	1	0
chr2.64198838	2	1	0
chr2.64199237	2	1	0
chr2.64287134	2	1	0
chr2.64291751	2	1	0
chr2.64291768	2	1	0
chr2.64291982	2	1	0
chr2.64296142	2	1	0
chr2.64299950	2	1	0
chr2.64299953	2	1	0
chr2.64300106	2	1	0
chr2.64303154	2	1	0
chr2.64303346	2	1	0
chr2.64308669	2	1	0
chr2.64308882	2	1	0
chr2.64308884	2	1	0
chr2.64309210	2	1	0
chr2.64312489	2	1	0
chr2.64315817	2	1	0
chr2.64315979	2	1	0
chr2.64315999	2	1	0
chr2.64316054	2	1	0
chr2.64316338	2	1	0
chr2.64316711	2	1	0
chr2.64316723	2	1	0
chr2.64321062	2	1	0
chr2.64322764	2	1	0
chr2.64322782	2	1	0
chr2.64324051	2	1	0
chr2.64324863	2	1	0
chr2.64324866	2	1	0
chr2.64324887	2	1	0
chr2.64324925	2	1	0
chr2.64324929	2	1	0
chr2.64324933	2	1	0
chr2.64325838	2	1	0
chr2.64326962	2	1	0
chr2.64337649	2	1	0
chr2.64337729	2	1	0
chr2.64337978	2	1	0
chr2.64373189	2	1	0
chr2.64373369	2	1	0
chr2.64373426	2	1	0
chr2.64373475	2	1	0
chr2.64373525	2	1	0
chr2.64374471	2	1	0
chr2.64374667	2	1	0
chr2.64377126	2	1	0
chr2.64377497	2	1	0
chr2.64378931	2	1	0
chr2.64379211	2	1	0
chr2.64379230	2	1	0
chr2.64390019	2	1	0
chr2.64390073	2	1	0
chr2.64397373	2	1	0
chr2.64398164	2	1	0
chr2.64405488	2	1	0
chr2.64405667	2	1	0
chr2.64410869	2	1	0
chr2.64411071	2	1	0
chr2.64413559	2	1	0
chr2.64424202	2	1	0
chr2.64427766	2	1	0
chr2.64427770	2	1	0
chr2.64427826	2	1	0
chr2.64427829	2	1	0
chr2.64431989	2	1	0
chr2.64448555	2	1	0
chr2.64468263	2	1	0
chr2.64468770	2	1	0
chr2.64493692	2	1	0
chr2.64493719	2	1	0
chr2.64493728	2	1	0
chr2.64494141	2	1	0
chr2.64494879	2	1	0
chr2.64541672	2	1	0
chr2.64543453	2	1	0
chr2.64557526	2	1	0
chr2.64557679	2	1	0
chr2.64561817	2	1	0
chr2.64562101	2	1	0
chr2.64563298	2	1	0
chr2.64577000	2	1	0
chr2.64577025	2	1	0
chr2.64577070	2	1	0
chr2.64577403	2	1	0
chr2.64578970	2	1	0
chr2.64578971	2	1	0
chr2.64578987	2	1	0
chr2.64578995	2	1	0
chr2.64579009	2	1	0
chr2.64579013	2	1	0
chr2.64579075	2	1	0
chr2.64579445	2	1	0
chr2.64579461	2	1	0
chr2.64579969	2	1	0
chr2.64579991	2	1	0
chr2.64582344	2	1	0
chr2.64594546	2	1	0
chr2.64602063	2	1	0
chr2.64602072	2	1	0
chr2.64603710	2	1	0
chr2.64604539	2	1	0
chr2.64605080	2	1	0
chr2.64605305	2	1	0
chr2.64605404	2	1	0
chr2.64605830	2	1	0
chr2.64608590	2	1	0
chr2.64618378	2	1	0
chr2.64618453	2	1	0
chr2.64618585	2	1	0
chr2.64618921	2	1	0
chr2.64621679	2	1	0
chr2.64621829	2	1	0
chr2.64627024	2	1	0
chr2.64632258	2	1	0
chr2.64636420	2	1	0
chr2.64639626	2	1	0
chr2.64639768	2	1	0
chr2.64649487	2	1	0
chr2.64649957	2	1	0
chr2.64650694	2	1	0
chr2.64669255	2	1	0
chr2.64671647	2	1	0
chr2.64671665	2	1	0
chr2.64683747	2	1	0
chr2.64684592	2	1	0
chr2.64684790	2	1	0
chr2.64684987	2	1	0
chr2.64685086	2	1	0
chr2.64686198	2	1	0
chr2.64686324	2	1	0
chr2.64686493	2	1	0
chr2.64686676	2	1	0
chr2.64687221	2	1	0
chr2.64687361	2	1	0
chr2.64689666	2	1	0
chr2.64689670	2	1	0
chr2.64689680	2	1	0
chr2.64689738	2	1	0
chr2.64691505	2	1	0
chr2.64691508	2	1	0
chr2.64698601	2	1	0
chr2.64756449	2	1	0
chr2.64795438	2	1	0
chr2.64822876	2	1	0
chr2.64823365	2	1	0
chr2.64823830	2	1	0
chr2.64824012	2	1	0
chr2.64825562	2	1	0
chr2.64825574	2	1	0
chr2.64825673	2	1	0
chr2.64825697	2	1	0
chr2.64826066	2	1	0
chr2.64826110	2	1	0
chr2.64826306	2	1	0
chr2.64827175	2	1	0
chr2.64827232	2	1	0
chr2.64829332	2	1	0
chr2.64829447	2	1	0
chr2.64831382	2	1	0
chr2.64832345	2	1	0
chr2.64835508	2	1	0
chr2.64836013	2	1	0
chr2.64836482	2	1	0
chr2.65031108	2	1	0
chr2.65156061	2	1	0
chr2.65156697	2	1	0
chr2.65159795	2	1	0
chr2.65302600	2	1	0
chr2.65366666	2	1	0
chr2.65523009	2	1	0
chr2.65580030	2	1	0
chr2.65580325	2	1	0
chr2.65665145	2	1	0
chr2.65666538	2	1	0
chr2.65667600	2	1	0
chr2.65668268	2	1	0
chr2.65668451	2	1	0
chr2.65684765	2	1	0
chr2.65684806	2	1	0
chr2.65687467	2	1	0
chr2.65696466	2	1	0
chr2.65696678	2	1	0
chr2.65697583	2	1	0
chr2.66006203	2	1	0
chr2.66006650	2	1	0
chr2.66251868	2	1	0
chr2.66313211	2	1	0
chr2.66313337	2	1	0
chr2.66342081	2	1	0
chr2.66354504	2	1	0
chr2.66354825	2	1	0
chr2.66354921	2	1	0
chr2.66382492	2	1	0
chr2.66413143	2	1	0
chr2.66414680	2	1	0
chr2.66414856	2	1	0
chr2.66415800	2	1	0
chr2.66416202	2	1	0
chr2.66416245	2	1	0
chr2.66482044	2	1	0
chr2.66482608	2	1	0
chr2.66482929	2	1	0
chr2.66482947	2	1	0
chr2.66484811	2	1	0
chr2.66489211	2	1	0
chr2.66489409	2	1	0
chr2.66736724	2	1	0
chr2.66737820	2	1	0
chr2.66751498	2	1	0
chr2.66751576	2	1	0
chr2.66755824	2	1	0
chr2.66766024	2	1	0
chr2.66769612	2	1	0
chr2.66794706	2	1	0
chr2.66796308	2	1	0
chr2.66802634	2	1	0
chr2.66802776	2	1	0
chr2.66802782	2	1	0
chr2.66802848	2	1	0
chr2.66802983	2	1	0
chr2.66803187	2	1	0
chr2.66804852	2	1	0
chr2.66810593	2	1	0
chr2.66813036	2	1	0
chr2.66830429	2	1	0
chr2.66830501	2	1	0
chr2.67085062	2	1	0
chr2.67085113	2	1	0
chr2.67087160	2	1	0
chr2.67087283	2	1	0
chr2.67091482	2	1	0
chr2.67091501	2	1	0
chr2.67091678	2	1	0
chr2.67095203	2	1	0
chr2.67095341	2	1	0
chr2.67096520	2	1	0
chr2.67096919	2	1	0
chr2.67097697	2	1	0
chr2.67097700	2	1	0
chr2.67098272	2	1	0
chr2.67100439	2	1	0
chr2.67116472	2	1	0
chr2.67116475	2	1	0
chr2.67131203	2	1	0
chr2.67199917	2	1	0
chr2.67200028	2	1	0
chr2.67200762	2	1	0
chr2.67205624	2	1	0
chr2.67211760	2	1	0
chr2.67367262	2	1	0
chr2.67475004	2	1	0
chr2.67484355	2	1	0
chr2.67489160	2	1	0
chr2.67493546	2	1	0
chr2.67495064	2	1	0
chr2.67495642	2	1	0
chr2.67495655	2	1	0
chr2.67495657	2	1	0
chr2.67495700	2	1	0
chr2.67495808	2	1	0
chr2.67495811	2	1	0
chr2.67496060	2	1	0
chr2.67496147	2	1	0
chr2.67497701	2	1	0
chr2.67497764	2	1	0
chr2.67497824	2	1	0
chr2.67518511	2	1	0
chr2.67518630	2	1	0
chr2.67531118	2	1	0
chr2.67536233	2	1	0
chr2.67536590	2	1	0
chr2.67538207	2	1	0
chr2.67542406	2	1	0
chr2.67542417	2	1	0
chr2.67542430	2	1	0
chr2.67542536	2	1	0
chr2.67542806	2	1	0
chr2.67542974	2	1	0
chr2.67563141	2	1	0
chr2.67567011	2	1	0
chr2.67567528	2	1	0
chr2.67572929	2	1	0
chr2.67574722	2	1	0
chr2.67574839	2	1	0
chr2.67574845	2	1	0
chr2.67574866	2	1	0
chr2.67574872	2	1	0
chr2.67574902	2	1	0
chr2.67576762	2	1	0
chr2.67587756	2	1	0
chr2.67588601	2	1	0
chr2.67589256	2	1	0
chr2.67589265	2	1	0
chr2.67623843	2	1	0
chr2.67623894	2	1	0
chr2.67623900	2	1	0
chr2.67633710	2	1	0
chr2.67634379	2	1	0
chr2.67658255	2	1	0
chr2.67662965	2	1	0
chr2.67663085	2	1	0
chr2.67663109	2	1	0
chr2.67799109	2	1	0
chr2.67826347	2	1	0
chr2.67826368	2	1	0
chr2.67826593	2	1	0
chr2.68226253	2	1	0
chr2.68290751	2	1	0
chr2.68290754	2	1	0
chr2.68290811	2	1	0
chr2.68290901	2	1	0
chr2.68294779	2	1	0
chr2.68294833	2	1	0
chr2.68294834	2	1	0
chr2.68295452	2	1	0
chr2.68295694	2	1	0
chr2.68297577	2	1	0
chr2.68298659	2	1	0
chr2.68301251	2	1	0
chr2.68488007	2	1	0
chr2.68488772	2	1	0
chr2.68488841	2	1	0
chr2.68489611	2	1	0
chr2.68489629	2	1	0
chr2.68489749	2	1	0
chr2.68489771	2	1	0
chr2.68489779	2	1	0
chr2.68489821	2	1	0
chr2.68490194	2	1	0
chr2.68491072	2	1	0
chr2.68492857	2	1	0
chr2.68493680	2	1	0
chr2.68493694	2	1	0
chr2.68510977	2	1	0
chr2.68511090	2	1	0
chr2.68511711	2	1	0
chr2.68511742	2	1	0
chr2.68511743	2	1	0
chr2.68511785	2	1	0
chr2.68512037	2	1	0
chr2.68512066	2	1	0
chr2.68512067	2	1	0
chr2.68513455	2	1	0
chr2.68537969	2	1	0
chr2.68539275	2	1	0
chr2.68539939	2	1	0
chr2.68545943	2	1	0
chr2.68554758	2	1	0
chr2.68555007	2	1	0
chr2.68555649	2	1	0
chr2.68556711	2	1	0
chr2.68556723	2	1	0
chr2.68558938	2	1	0
chr2.68559244	2	1	0
chr2.68590180	2	1	0
chr2.68590365	2	1	0
chr2.68590491	2	1	0
chr2.68591887	2	1	0
chr2.68591891	2	1	0
chr2.68594685	2	1	0
chr2.68594700	2	1	0
chr2.68595216	2	1	0
chr2.68595267	2	1	0
chr2.68595288	2	1	0
chr2.68595309	2	1	0
chr2.68596278	2	1	0
chr2.68596308	2	1	0
chr2.68600033	2	1	0
chr2.68600934	2	1	0
chr2.68602127	2	1	0
chr2.68605257	2	1	0
chr2.68608647	2	1	0
chr2.68680065	2	1	0
chr2.68680096	2	1	0
chr2.68680200	2	1	0
chr2.68699231	2	1	0
chr2.68699971	2	1	0
chr2.68700398	2	1	0
chr2.68700761	2	1	0
chr2.68702334	2	1	0
chr2.68702381	2	1	0
chr2.68702394	2	1	0
chr2.68702417	2	1	0
chr2.68702537	2	1	0
chr2.68703419	2	1	0
chr2.68703458	2	1	0
chr2.68703488	2	1	0
chr2.68703497	2	1	0
chr2.68703782	2	1	0
chr2.68705949	2	1	0
chr2.68706741	2	1	0
chr2.68706745	2	1	0
chr2.68707384	2	1	0
chr2.68710340	2	1	0
chr2.68824550	2	1	0
chr2.68844601	2	1	0
chr2.69059315	2	1	0
chr2.69282627	2	1	0
chr2.69286410	2	1	0
chr2.69286847	2	1	0
chr2.69287538	2	1	0
chr2.69287547	2	1	0
chr2.69287657	2	1	0
chr2.69313263	2	1	0
chr2.69345288	2	1	0
chr2.69345966	2	1	0
chr2.69346377	2	1	0
chr2.69357721	2	1	0
chr2.69357972	2	1	0
chr2.69358146	2	1	0
chr2.69358543	2	1	0
chr2.69360492	2	1	0
chr2.69363892	2	1	0
chr2.69363931	2	1	0
chr2.69366219	2	1	0
chr2.69367069	2	1	0
chr2.69367735	2	1	0
chr2.69372079	2	1	0
chr2.69377474	2	1	0
chr2.69379393	2	1	0
chr2.69379727	2	1	0
chr2.69379931	2	1	0
chr2.69382626	2	1	0
chr2.69383389	2	1	0
chr2.69385379	2	1	0
chr2.69385485	2	1	0
chr2.69385726	2	1	0
chr2.69385881	2	1	0
chr2.69386763	2	1	0
chr2.69441440	2	1	0
chr2.69614926	2	1	0
chr2.69619821	2	1	0
chr2.69678484	2	1	0
chr2.69686706	2	1	0
chr2.69686711	2	1	0
chr2.69688015	2	1	0
chr2.69689544	2	1	0
chr2.69689562	2	1	0
chr2.69693200	2	1	0
chr2.69695484	2	1	0
chr2.69695495	2	1	0
chr2.69702701	2	1	0
chr2.69702706	2	1	0
chr2.69703107	2	1	0
chr2.70021690	2	1	0
chr2.70102230	2	1	0
chr2.70102232	2	1	0
chr2.70102412	2	1	0
chr2.70102416	2	1	0
chr2.70102435	2	1	0
chr2.70102515	2	1	0
chr2.70102825	2	1	0
chr2.70155778	2	1	0
chr2.70155805	2	1	0
chr2.70158435	2	1	0
chr2.70158543	2	1	0
chr2.70158786	2	1	0
chr2.70158817	2	1	0
chr2.70161064	2	1	0
chr2.70176634	2	1	0
chr2.70176676	2	1	0
chr2.70188395	2	1	0
chr2.70188466	2	1	0
chr2.70188468	2	1	0
chr2.70188809	2	1	0
chr2.70202544	2	1	0
chr2.70202571	2	1	0
chr2.70202582	2	1	0
chr2.70202594	2	1	0
chr2.70223226	2	1	0
chr2.70227194	2	1	0
chr2.70243462	2	1	0
chr2.70245671	2	1	0
chr2.70254480	2	1	0
chr2.70254649	2	1	0
chr2.70257494	2	1	0
chr2.70257961	2	1	0
chr2.70258204	2	1	0
chr2.70258235	2	1	0
chr2.70263630	2	1	0
chr2.70307024	2	1	0
chr2.70307031	2	1	0
chr2.70322853	2	1	0
chr2.70322876	2	1	0
chr2.70322879	2	1	0
chr2.70323138	2	1	0
chr2.70324414	2	1	0
chr2.70324681	2	1	0
chr2.70326721	2	1	0
chr2.70327384	2	1	0
chr2.70327702	2	1	0
chr2.70334191	2	1	0
chr2.70334680	2	1	0
chr2.70396537	2	1	0
chr2.70396905	2	1	0
chr2.70398085	2	1	0
chr2.70402676	2	1	0
chr2.70404567	2	1	0
chr2.70407933	2	1	0
chr2.70620020	2	1	0
chr2.70659427	2	1	0
chr2.70659628	2	1	0
chr2.70659637	2	1	0
chr2.70659643	2	1	0
chr2.70659649	2	1	0
chr2.70660016	2	1	0
chr2.70660064	2	1	0
chr2.70660159	2	1	0
chr2.70660214	2	1	0
chr2.70667707	2	1	0
chr2.70773982	2	1	0
chr2.70777452	2	1	0
chr2.70781601	2	1	0
chr2.70782369	2	1	0
chr2.70782384	2	1	0
chr2.70786113	2	1	0
chr2.70786114	2	1	0
chr2.70820661	2	1	0
chr2.70820682	2	1	0
chr2.70824436	2	1	0
chr2.70824715	2	1	0
chr2.70824835	2	1	0
chr2.70825337	2	1	0
chr2.70825967	2	1	0
chr2.70826012	2	1	0
chr2.70826035	2	1	0
chr2.70830368	2	1	0
chr2.70830436	2	1	0
chr2.70830448	2	1	0
chr2.70831536	2	1	0
chr2.70831728	2	1	0
chr2.70831842	2	1	0
chr2.71125182	2	1	0
chr2.71125667	2	1	0
chr2.71125676	2	1	0
chr2.71146083	2	1	0
chr2.71149029	2	1	0
chr2.71164175	2	1	0
chr2.71164203	2	1	0
chr2.71164238	2	1	0
chr2.71338667	2	1	0
chr2.71338792	2	1	0
chr2.71388492	2	1	0
chr2.71406792	2	1	0
chr2.71419634	2	1	0
chr2.71550283	2	1	0
chr2.71550598	2	1	0
chr2.71584628	2	1	0
chr2.71585249	2	1	0
chr2.71586734	2	1	0
chr2.71587577	2	1	0
chr2.71587613	2	1	0
chr2.71587948	2	1	0
chr2.71607789	2	1	0
chr2.71611899	2	1	0
chr2.71612003	2	1	0
chr2.71612106	2	1	0
chr2.71615448	2	1	0
chr2.71615952	2	1	0
chr2.71616390	2	1	0
chr2.71616488	2	1	0
chr2.71616836	2	1	0
chr2.71616847	2	1	0
chr2.71620641	2	1	0
chr2.71620899	2	1	0
chr2.71621445	2	1	0
chr2.71622008	2	1	0
chr2.71622537	2	1	0
chr2.71624346	2	1	0
chr2.71624349	2	1	0
chr2.71624400	2	1	0
chr2.71634043	2	1	0
chr2.71634068	2	1	0
chr2.71634069	2	1	0
chr2.71635593	2	1	0
chr2.71656673	2	1	0
chr2.71656682	2	1	0
chr2.71657681	2	1	0
chr2.71657720	2	1	0
chr2.71681468	2	1	0
chr2.71684318	2	1	0
chr2.71698411	2	1	0
chr2.71698414	2	1	0
chr2.71700220	2	1	0
chr2.71700253	2	1	0
chr2.71700267	2	1	0
chr2.71700287	2	1	0
chr2.71700319	2	1	0
chr2.71700322	2	1	0
chr2.71700493	2	1	0
chr2.71700496	2	1	0
chr2.71700520	2	1	0
chr2.71700523	2	1	0
chr2.71700570	2	1	0
